{"learner":{"attributes":{},"feature_names":[],"feature_types":[],"gradient_booster":{"model":{"gbtree_model_param":{"num_parallel_tree":"1","num_trees":"10"},"iteration_indptr":[0,1,2,3,4,5,6,7,8,9,10],"tree_info":[0,0,0,0,0,0,0,0,0,0],"trees":[{"base_weights":[-3.293024E-4,5.671398E-1,-3.0846006E-1,-1.2965943E-1,1.2904342E0,-5.202491E-1,1.014808E-1,4.015849E-2,-6.6161625E-2,3.1202674E-2,1.5496682E-1,-6.9240734E-2,4.4164944E-2],"categories":[],"categories_nodes":[],"categories_segments":[],"categories_sizes":[],"default_left":[0,0,0,0,0,0,0,0,0,0,0,0,0],"id":0,"left_children":[1,3,5,7,9,11,-1,-1,-1,-1,-1,-1,-1],"loss_changes":[4.693304E0,4.927931E0,5.402923E0,1.8820848E0,7.1517277E-1,2.898415E0,0E0,0E0,0E0,0E0,0E0,0E0,0E0],"parents":[2147483647,0,0,1,1,2,2,3,3,4,4,5,5],"right_children":[2,4,6,8,10,12,-1,-1,-1,-1,-1,-1,-1],"split_conditions":[3.4619176E-1,2.2097665E-1,9.520329E-1,4.3823454E-1,3.0092433E-1,8.886913E-1,1.014808E-1,4.015849E-2,-6.6161625E-2,3.1202674E-2,1.5496682E-1,-6.9240734E-2,4.4164944E-2],"split_indices":[7,7,7,9,2,3,0,0,0,0,0,0,0],"split_type":[0,0,0,0,0,0,0,0,0,0,0,0,0],"sum_hessian":[2.484068E1,8.445831E0,1.6394848E1,4.719729E0,3.7261019E0,1.4656001E1,1.7388476E0,2.484068E0,2.2356613E0,1.242034E0,2.484068E0,1.2668747E1,1.9872544E0],"tree_param":{"num_deleted":"0","num_feature":"10","num_nodes":"13","size_leaf_vector":"1"}},{"base_weights":[8.656392E-3,5.265026E-1,-2.7451158E-1,-1.21495955E-1,1.1956964E0,-4.723875E-1,9.468354E-2,3.7216544E-2,-6.1875254E-2,2.9435396E-2,1.4321731E-1,-6.323575E-2,4.1138854E-2],"categories":[],"categories_nodes":[],"categories_segments":[],"categories_sizes":[],"default_left":[0,0,0,0,0,0,0,0,0,0,0,0,0],"id":1,"left_children":[1,3,5,7,9,11,-1,-1,-1,-1,-1,-1,-1],"loss_changes":[3.9252975E0,4.246317E0,4.634479E0,1.6325663E0,5.897751E-1,2.462421E0,0E0,0E0,0E0,0E0,0E0,0E0,0E0],"parents":[2147483647,0,0,1,1,2,2,3,3,4,4,5,5],"right_children":[2,4,6,8,10,12,-1,-1,-1,-1,-1,-1,-1],"split_conditions":[3.4619176E-1,2.2097665E-1,9.520329E-1,4.3823454E-1,3.0092433E-1,8.886913E-1,9.468354E-2,3.7216544E-2,-6.1875254E-2,2.9435396E-2,1.4321731E-1,-6.323575E-2,4.1138854E-2],"split_indices":[7,7,7,9,2,3,0,0,0,0,0,0,0],"split_type":[0,0,0,0,0,0,0,0,0,0,0,0,0],"sum_hessian":[2.4783089E1,8.457332E0,1.6325758E1,4.7125173E0,3.7448142E0,1.4577255E1,1.7485026E0,2.4910452E0,2.221472E0,1.2448301E0,2.499984E0,1.2583949E1,1.9933062E0],"tree_param":{"num_deleted":"0","num_feature":"10","num_nodes":"13","size_leaf_vector":"1"}},{"base_weights":[1.6289791E-2,4.9066302E-1,-2.4444401E-1,-1.1402611E-1,1.1149235E0,-4.2949927E-1,8.862642E-2,4.4182993E-2,-5.2934844E-2,2.7775818E-2,1.3345616E-1,-8.3014786E-2,-5.8759376E-3],"categories":[],"categories_nodes":[],"categories_segments":[],"categories_sizes":[],"default_left":[0,0,0,0,0,0,0,0,0,0,0,0,0],"id":2,"left_children":[1,3,5,7,9,11,-1,-1,-1,-1,-1,-1,-1],"loss_changes":[3.294015E0,3.6885862E0,3.9854584E0,1.5497133E0,4.9995852E-1,2.250325E0,0E0,0E0,0E0,0E0,0E0,0E0,0E0],"parents":[2147483647,0,0,1,1,2,2,3,3,4,4,5,5],"right_children":[2,4,6,8,10,12,-1,-1,-1,-1,-1,-1,-1],"split_conditions":[3.4619176E-1,2.2097665E-1,9.520329E-1,5.2980083E-1,3.0092433E-1,4.9125475E-1,8.862642E-2,4.4182993E-2,-5.2934844E-2,2.7775818E-2,1.3345616E-1,-8.3014786E-2,-5.8759376E-3],"split_indices":[7,7,7,2,2,3,0,0,0,0,0,0,0],"split_type":[0,0,0,0,0,0,0,0,0,0,0,0,0],"sum_hessian":[2.4662546E1,8.4347315E0,1.6227816E1,4.699708E0,3.7350235E0,1.4478387E1,1.749428E0,1.9825256E0,2.7171822E0,1.2469199E0,2.4881036E0,6.3629518E0,8.115436E0],"tree_param":{"num_deleted":"0","num_feature":"10","num_nodes":"13","size_leaf_vector":"1"}},{"base_weights":[2.0634864E-2,1.5367743E-1,-8.030684E-1,5.6836563E-1,-1.8960762E-1,-1.0477451E-1,-1.755373E-2,9.131869E-2,-4.0717915E-2,3.6396295E-2,-5.8683205E-2],"categories":[],"categories_nodes":[],"categories_segments":[],"categories_sizes":[],"default_left":[0,0,0,0,0,0,0,0,0,0,0],"id":3,"left_children":[1,3,5,7,9,-1,-1,-1,-1,-1,-1],"loss_changes":[2.9203E0,3.3552384E0,3.856678E-1,3.9314291E0,3.122859E0,0E0,0E0,0E0,0E0,0E0,0E0],"parents":[2147483647,0,0,1,1,2,2,3,3,4,4],"right_children":[2,4,6,8,10,-1,-1,-1,-1,-1,-1],"split_conditions":[8.726566E-1,5.079263E-1,2.1721861E-1,6.653621E-1,3.382028E-1,-1.0477451E-1,-1.755373E-2,9.131869E-2,-4.0717915E-2,3.6396295E-2,-5.8683205E-2],"split_indices":[0,2,2,4,6,0,0,0,0,0,0],"split_type":[0,0,0,0,0,0,0,0,0,0,0],"sum_hessian":[2.4521927E1,2.181229E1,2.7096374E0,9.581806E0,1.2230484E1,1.4677327E0,1.2419046E0,7.12669E0,2.4551165E0,5.144651E0,7.085833E0],"tree_param":{"num_deleted":"0","num_feature":"10","num_nodes":"11","size_leaf_vector":"1"}},{"base_weights":[1.4735337E-2,4.5504442E-1,-2.2717142E-1,-8.987175E-2,1.0177966E0,-3.9699468E-1,8.091895E-2,3.5530906E-2,-5.491954E-2,2.407513E-2,1.22986965E-1,-7.738413E-2,-5.164066E-3],"categories":[],"categories_nodes":[],"categories_segments":[],"categories_sizes":[],"default_left":[0,0,0,0,0,0,0,0,0,0,0,0,0],"id":4,"left_children":[1,3,5,7,9,11,-1,-1,-1,-1,-1,-1,-1],"loss_changes":[2.8157978E0,2.9625971E0,3.331288E0,1.3557012E0,4.76305E-1,1.9598036E0,0E0,0E0,0E0,0E0,0E0,0E0,0E0],"parents":[2147483647,0,0,1,1,2,2,3,3,4,4,5,5],"right_children":[2,4,6,8,10,12,-1,-1,-1,-1,-1,-1,-1],"split_conditions":[3.4619176E-1,2.2097665E-1,9.520329E-1,4.3823454E-1,3.0092433E-1,4.9125475E-1,8.091895E-2,3.5530906E-2,-5.491954E-2,2.407513E-2,1.22986965E-1,-7.738413E-2,-5.164066E-3],"split_indices":[7,7,7,9,2,3,0,0,0,0,0,0,0],"split_type":[0,0,0,0,0,0,0,0,0,0,0,0,0],"sum_hessian":[2.4465492E1,8.362793E0,1.61027E1,4.675642E0,3.6871512E0,1.4365612E1,1.7370869E0,2.4893715E0,2.1862705E0,1.2483538E0,2.4387975E0,6.276282E0,8.08933E0],"tree_param":{"num_deleted":"0","num_feature":"10","num_nodes":"13","size_leaf_vector":"1"}},{"base_weights":[1.8324316E-2,3.0518427E-1,-3.2809907E-1,6.7291045E-1,-6.786361E-1,-8.0493367E-1,3.0443314E-1,-5.625542E-2,8.875819E-2,3.2857537E-2,-1.17140904E-1,-1.20877616E-1,4.186746E-2,-3.0763453E-2,6.249615E-2],"categories":[],"categories_nodes":[],"categories_segments":[],"categories_sizes":[],"default_left":[0,0,0,0,0,0,0,0,0,0,0,0,0,0,0],"id":5,"left_children":[1,3,5,7,9,11,13,-1,-1,-1,-1,-1,-1,-1,-1],"loss_changes":[2.612072E0,5.6465344E0,3.8438601E0,3.4020128E0,2.5692205E0,4.0034776E0,1.3407676E0,0E0,0E0,0E0,0E0,0E0,0E0,0E0,0E0],"parents":[2147483647,0,0,1,1,2,2,3,3,4,4,5,5,6,6],"right_children":[2,4,6,8,10,12,14,-1,-1,-1,-1,-1,-1,-1,-1],"split_conditions":[5.2955204E-1,6.928893E-1,8.5174125E-1,1.04427956E-1,2.1169578E-1,8.812423E-1,2.5970817E-1,-5.625542E-2,8.875819E-2,3.2857537E-2,-1.17140904E-1,-1.20877616E-1,4.186746E-2,-3.0763453E-2,6.249615E-2],"split_indices":[7,0,7,7,1,3,0,0,0,0,0,0,0,0,0],"split_type":[0,0,0,0,0,0,0,0,0,0,0,0,0,0,0],"sum_hessian":[2.42774E1,1.3345523E1,1.0931875E1,9.944539E0,3.4009838E0,6.077667E0,4.8542085E0,1.2322476E0,8.712292E0,1.226753E0,2.174231E0,4.578643E0,1.4990244E0,1.6821916E0,3.1720169E0],"tree_param":{"num_deleted":"0","num_feature":"10","num_nodes":"15","size_leaf_vector":"1"}},{"base_weights":[1.2229661E-2,1.3473186E-1,-7.457644E-1,4.9832883E-1,-1.68493E-1,-2.1675587E-2,-9.865208E-2,8.132657E-2,-3.8423073E-2,3.171669E-2,-5.198155E-2],"categories":[],"categories_nodes":[],"categories_segments":[],"categories_sizes":[],"default_left":[0,0,0,0,0,0,0,0,0,0,0],"id":6,"left_children":[1,3,5,7,9,-1,-1,-1,-1,-1,-1],"loss_changes":[2.4318435E0,2.5603454E0,2.5054955E-1,3.2216446E0,2.382064E0,0E0,0E0,0E0,0E0,0E0,0E0],"parents":[2147483647,0,0,1,1,2,2,3,3,4,4],"right_children":[2,4,6,8,10,-1,-1,-1,-1,-1,-1],"split_conditions":[8.726566E-1,5.079263E-1,4.0539286E-1,6.653621E-1,3.382028E-1,-2.1675587E-2,-9.865208E-2,8.132657E-2,-3.8423073E-2,3.171669E-2,-5.198155E-2],"split_indices":[0,2,6,4,6,0,0,0,0,0,0],"split_type":[0,0,0,0,0,0,0,0,0,0,0],"sum_hessian":[2.4107334E1,2.1461168E1,2.6461663E0,9.46648E0,1.1994688E1,1.4219847E0,1.2241817E0,7.0346994E0,2.4317813E0,5.0755663E0,6.9191217E0],"tree_param":{"num_deleted":"0","num_feature":"10","num_nodes":"11",