{"mean": [2.4061211802236655, 5.375472795254961, 18.01558260562087, 1.0654875220182396, 1.4308909639928444, 0.014760008979052577, 1.6988996605717925, 1.0477060270348242, 0.9946631474734589, 2.1206333288929757, 1827.7137637366625, 0.9399347615302864, 0.20084069923105088, 1.4934005310745268e-05, 0.047354356905769265, 0.44171505605360734], "scale": [2.19523381445555, 4.539248698923298, 10.99577481435444, 0.7655871027264232, 0.801617481806204, 0.036758634671840165, 1.207138512064202, 0.8160429332925881, 0.873685409077591, 1.6934031995865564, 267385.33773560735, 1.2597741735965122, 0.4891392373594262, 0.0003880643416859619, 0.10832634276249635, 0.44437278602110153], "lambdas": [-0.12144495961543063, 0.01948942673520177, 0.11092735296509756, -0.35945663716021237, -0.3023029805231952, -9.393322668065322, -0.19799775916001802, -0.36496089649252195, -0.34364291957080045, -0.1330595361086693, 0.9972270857290139, -0.30363557943518943, -0.7003402071901368, -95.27019781208215, -3.2549093788113375, -0.7403738108570416]}